<?xml version="1.0" encoding="UTF-8"?>
<root>
  <item name="com.google.android.agera.CompiledRepository CompiledRepository(java.lang.Object, com.google.android.agera.Observable, java.lang.Object[], com.google.android.agera.Merger&lt;java.lang.Object,java.lang.Object,java.lang.Boolean&gt;, int, int) 4">
    <annotation name="android.support.annotation.IntDef">
      <val name="flag" val="true" />
      <val name="value" val="{com.google.android.agera.RepositoryConfig.CONTINUE_FLOW, com.google.android.agera.RepositoryConfig.CANCEL_FLOW, com.google.android.agera.RepositoryConfig.RESET_TO_INITIAL_VALUE, com.google.android.agera.RepositoryConfig.SEND_INTERRUPT}" />
    </annotation>
  </item>
  <item name="com.google.android.agera.CompiledRepository CompiledRepository(java.lang.Object, com.google.android.agera.Observable, java.lang.Object[], com.google.android.agera.Merger&lt;java.lang.Object,java.lang.Object,java.lang.Boolean&gt;, int, int) 5">
    <annotation name="android.support.annotation.IntDef">
      <val name="flag" val="true" />
      <val name="value" val="{com.google.android.agera.RepositoryConfig.CONTINUE_FLOW, com.google.android.agera.RepositoryConfig.CANCEL_FLOW, com.google.android.agera.RepositoryConfig.RESET_TO_INITIAL_VALUE, com.google.android.agera.RepositoryConfig.SEND_INTERRUPT}" />
    </annotation>
  </item>
  <item name="com.google.android.agera.CompiledRepository com.google.android.agera.Repository compiledRepository(java.lang.Object, java.util.List&lt;com.google.android.agera.Observable&gt;, int, java.util.List&lt;java.lang.Object&gt;, com.google.android.agera.Merger&lt;java.lang.Object,java.lang.Object,java.lang.Boolean&gt;, int, int) 5">
    <annotation name="android.support.annotation.IntDef">
      <val name="flag" val="true" />
      <val name="value" val="{com.google.android.agera.RepositoryConfig.CONTINUE_FLOW, com.google.android.agera.RepositoryConfig.CANCEL_FLOW, com.google.android.agera.RepositoryConfig.RESET_TO_INITIAL_VALUE, com.google.android.agera.RepositoryConfig.SEND_INTERRUPT}" />
    </annotation>
  </item>
  <item name="com.google.android.agera.CompiledRepository com.google.android.agera.Repository compiledRepository(java.lang.Object, java.util.List&lt;com.google.android.agera.Observable&gt;, int, java.util.List&lt;java.lang.Object&gt;, com.google.android.agera.Merger&lt;java.lang.Object,java.lang.Object,java.lang.Boolean&gt;, int, int) 6">
    <annotation name="android.support.annotation.IntDef">
      <val name="flag" val="true" />
      <val name="value" val="{com.google.android.agera.RepositoryConfig.CONTINUE_FLOW, com.google.android.agera.RepositoryConfig.CANCEL_FLOW, com.google.android.agera.RepositoryConfig.RESET_TO_INITIAL_VALUE, com.google.android.agera.RepositoryConfig.SEND_INTERRUPT}" />
    </annotation>
  </item>
  <item name="com.google.android.agera.CompiledRepository concurrentUpdateConfig">
    <annotation name="android.support.annotation.IntDef">
      <val name="flag" val="true" />
      <val name="value" val="{com.google.android.agera.RepositoryConfig.CONTINUE_FLOW, com.google.android.agera.RepositoryConfig.CANCEL_FLOW, com.google.android.agera.RepositoryConfig.RESET_TO_INITIAL_VALUE, com.google.android.agera.RepositoryConfig.SEND_INTERRUPT}" />
    </annotation>
  </item>
  <item name="com.google.android.agera.CompiledRepository deactivationConfig">
    <annotation name="android.support.annotation.IntDef">
      <val name="flag" val="true" />
      <val name="value" val="{com.google.android.agera.RepositoryConfig.CONTINUE_FLOW, com.google.android.agera.RepositoryConfig.CANCEL_FLOW, com.google.android.agera.RepositoryConfig.RESET_TO_INITIAL_VALUE, com.google.android.agera.RepositoryConfig.SEND_INTERRUPT}" />
    </annotation>
  </item>
  <item name="com.google.android.agera.CompiledRepository runState">
    <annotation name="android.support.annotation.IntDef">
      <val name="value" val="{com.google.android.agera.CompiledRepository.IDLE, com.google.android.agera.CompiledRepository.RUNNING, com.google.android.agera.CompiledRepository.CANCEL_REQUESTED, com.google.android.agera.CompiledRepository.PAUSED_AT_GO_TO, com.google.android.agera.CompiledRepository.PAUSED_AT_GO_LAZY, com.google.android.agera.CompiledRepository.RUNNING_LAZILY}" />
    </annotation>
  </item>
  <item name="com.google.android.agera.CompiledRepository void maybeCancelFlow(int, boolean) 0">
    <annotation name="android.support.annotation.IntDef">
      <val name="flag" val="true" />
      <val name="value" val="{com.google.android.agera.RepositoryConfig.CONTINUE_FLOW, com.google.android.agera.RepositoryConfig.CANCEL_FLOW, com.google.android.agera.RepositoryConfig.RESET_TO_INITIAL_VALUE, com.google.android.agera.RepositoryConfig.SEND_INTERRUPT}" />
    </annotation>
  </item>
  <item name="com.google.android.agera.RepositoryCompiler com.google.android.agera.RepositoryCompiler onConcurrentUpdate(int) 0">
    <annotation name="android.support.annotation.IntDef">
      <val name="flag" val="true" />
      <val name="value" val="{com.google.android.agera.RepositoryConfig.CONTINUE_FLOW, com.google.android.agera.RepositoryConfig.CANCEL_FLOW, com.google.android.agera.RepositoryConfig.RESET_TO_INITIAL_VALUE, com.google.android.agera.RepositoryConfig.SEND_INTERRUPT}" />
    </annotation>
  </item>
  <item name="com.google.android.agera.RepositoryCompiler com.google.android.agera.RepositoryCompiler onDeactivation(int) 0">
    <annotation name="android.support.annotation.IntDef">
      <val name="flag" val="true" />
      <val name="value" val="{com.google.android.agera.RepositoryConfig.CONTINUE_FLOW, com.google.android.agera.RepositoryConfig.CANCEL_FLOW, com.google.android.agera.RepositoryConfig.RESET_TO_INITIAL_VALUE, com.google.android.agera.RepositoryConfig.SEND_INTERRUPT}" />
    </annotation>
  </item>
  <item name="com.google.android.agera.RepositoryCompiler concurrentUpdateConfig">
    <annotation name="android.support.annotation.IntDef">
      <val name="flag" val="true" />
      <val name="value" val="{com.google.android.agera.RepositoryConfig.CONTINUE_FLOW, com.google.android.agera.RepositoryConfig.CANCEL_FLOW, com.google.android.agera.RepositoryConfig.RESET_TO_INITIAL_VALUE, com.google.android.agera.RepositoryConfig.SEND_INTERRUPT}" />
    </annotation>
  </item>
  <item name="com.google.android.agera.RepositoryCompiler deactivationConfig">
    <annotation name="android.support.annotation.IntDef">
      <val name="flag" val="true" />
      <val name="value" val="{com.google.android.agera.RepositoryConfig.CONTINUE_FLOW, com.google.android.agera.RepositoryConfig.CANCEL_FLOW, com.google.android.agera.RepositoryConfig.RESET_TO_INITIAL_VALUE, com.google.android.agera.RepositoryConfig.SEND_INTERRUPT}" />
    </annotation>
  </item>
  <item name="com.google.android.agera.RepositoryCompiler expect">
    <annotation name="android.support.annotation.IntDef">
      <val name="value" val="{com.google.android.agera.RepositoryCompiler.NOTHING, com.google.android.agera.RepositoryCompiler.FIRST_EVENT_SOURCE, com.google.android.agera.RepositoryCompiler.FREQUENCY_OR_MORE_EVENT_SOURCE, com.google.android.agera.RepositoryCompiler.FLOW, com.google.android.agera.RepositoryCompiler.TERMINATE_THEN_FLOW, com.google.android.agera.RepositoryCompiler.TERMINATE_THEN_END, com.google.android.agera.RepositoryCompiler.CONFIG}" />
    </annotation>
  </item>
  <item name="com.google.android.agera.RepositoryCompiler void checkExpect(int) 0">
    <annotation name="android.support.annotation.IntDef">
      <val name="value" val="{com.google.android.agera.RepositoryCompiler.NOTHING, com.google.android.agera.RepositoryCompiler.FIRST_EVENT_SOURCE, com.google.android.agera.RepositoryCompiler.FREQUENCY_OR_MORE_EVENT_SOURCE, com.google.android.agera.RepositoryCompiler.FLOW, com.google.android.agera.RepositoryCompiler.TERMINATE_THEN_FLOW, com.google.android.agera.RepositoryCompiler.TERMINATE_THEN_END, com.google.android.agera.RepositoryCompiler.CONFIG}" />
    </annotation>
  </item>
  <item name="com.google.android.agera.RepositoryCompiler void checkExpect(int, int) 0">
    <annotation name="android.support.annotation.IntDef">
      <val name="value" val="{com.google.android.agera.RepositoryCompiler.NOTHING, com.google.android.agera.RepositoryCompiler.FIRST_EVENT_SOURCE, com.google.android.agera.RepositoryCompiler.FREQUENCY_OR_MORE_EVENT_SOURCE, com.google.android.agera.RepositoryCompiler.FLOW, com.google.android.agera.RepositoryCompiler.TERMINATE_THEN_FLOW, com.google.android.agera.RepositoryCompiler.TERMINATE_THEN_END, com.google.android.agera.RepositoryCompiler.CONFIG}" />
    </annotation>
  </item>
  <item name="com.google.android.agera.RepositoryCompiler void checkExpect(int, int) 1">
    <annotation name="android.support.annotation.IntDef">
      <val name="value" val="{com.google.android.agera.RepositoryCompiler.NOTHING, com.google.android.agera.RepositoryCompiler.FIRST_EVENT_SOURCE, com.google.android.agera.RepositoryCompiler.FREQUENCY_OR_MORE_EVENT_SOURCE, com.google.android.agera.RepositoryCompiler.FLOW, com.google.android.agera.RepositoryCompiler.TERMINATE_THEN_FLOW, com.google.android.agera.RepositoryCompiler.TERMINATE_THEN_END, com.google.android.agera.RepositoryCompiler.CONFIG}" />
    </annotation>
  </item>
  <item name="com.google.android.agera.RepositoryCompilerStates.RConfig com.google.android.agera.RepositoryCompilerStates.RConfig&lt;TVal&gt; onConcurrentUpdate(int) 0">
    <annotation name="android.support.annotation.IntDef">
      <val name="flag" val="true" />
      <val name="value" val="{com.google.android.agera.RepositoryConfig.CONTINUE_FLOW, com.google.android.agera.RepositoryConfig.CANCEL_FLOW, com.google.android.agera.RepositoryConfig.RESET_TO_INITIAL_VALUE, com.google.android.agera.RepositoryConfig.SEND_INTERRUPT}" />
    </annotation>
  </item>
  <item name="com.google.android.agera.RepositoryCompilerStates.RConfig com.google.android.agera.RepositoryCompilerStates.RConfig&lt;TVal&gt; onDeactivation(int) 0">
    <annotation name="android.support.annotation.IntDef">
      <val name="flag" val="true" />
      <val name="value" val="{com.google.android.agera.RepositoryConfig.CONTINUE_FLOW, com.google.android.agera.RepositoryConfig.CANCEL_FLOW, com.google.android.agera.RepositoryConfig.RESET_TO_INITIAL_VALUE, com.google.android.agera.RepositoryConfig.SEND_INTERRUPT}" />
    </annotation>
  </item>
  <item name="com.google.android.agera.RepositoryConfig">
    <annotation name="android.support.annotation.IntDef">
      <val name="flag" val="true" />
      <val name="value" val="{com.google.android.agera.RepositoryConfig.CONTINUE_FLOW, com.google.android.agera.RepositoryConfig.CANCEL_FLOW, com.google.android.agera.RepositoryConfig.RESET_TO_INITIAL_VALUE, com.google.android.agera.RepositoryConfig.SEND_INTERRUPT}" />
    </annotation>
  </item>
</root>

